"timestamp","blockNumber","buy","sell","price","volume","amount","fee","insider","user","txhash","contractAddress"
"2019-07-19T18:49:59.000Z",4762156,true,false,252.07,252.07,1,,"The trick is the idealizations. [...] This system is quite unlike the case of mathematics, in which everything can be defined, and then we do not know what we are talking about. In fact, the glory of mathematics is that we do not have to say what we are talking about. The glory is that the laws, the arguments, and the logic are independent of what 'it' is.","0x864FD1F9b6a4D343237Ef1572f748299cAAcac6E","0x1011ba39576f513167e20d651f3ef3e69078dec6520f98a752505484e400c993","0x874f721dD3224491fe936B2a3779148Dcd95774E"
"2019-07-19T18:26:14.000Z",4762061,false,true,252.08,504.17,2,,"Beispiele ähnlicher Art, sowie die mißlungenen Versuche, eine Bewegung der Erde relativ zum „Lichtmedium“ zu konstatieren, führen zu der Vermutung, daß dem Begriffe der absoluten Ruhe nicht nur in der Mechanik, sondern auch in der Elektrodynamik keine Eigenschaften der Erscheinungen entsprechen, sondern daß vielmehr für alle Koordinatensysteme, für welche die mechanischen Gleichungen gelten, auch die gleichen elektrodynamischen und optischen Gesetze gelten, wie dies für die Größen erster Ordnung bereits erwiesen ist. Wir wollen diese Vermutung (deren Inhalt im folgenden „Prinzip der Relativität“ genannt werden wird) zur Voraussetzung erheben und außerdem die mit ihm nur scheinbar unverträgliche [892] Voraussetzung einführen, daß sich das Licht im leeren Raume stets mit einer bestimmten, vom Bewegungszustande des emittierenden Körpers unabhängigen Geschwindigkeit V fortpflanze.","0x864FD1F9b6a4D343237Ef1572f748299cAAcac6E","0xce27a242b666162f73da36550395682173244bef9a43257697c0142da773d152","0x874f721dD3224491fe936B2a3779148Dcd95774E"
"2019-07-19T18:17:29.000Z",4762026,true,false,252.08,504.17,2,,"Nein","0x864FD1F9b6a4D343237Ef1572f748299cAAcac6E","0xe7fe3a0228bf68fdaec9653b8888ad065899874527babdd02e1b258f585d4d26","0x874f721dD3224491fe936B2a3779148Dcd95774E"
"2019-07-19T17:54:59.000Z",4761936,true,false,252.01,756.03,3,,"Nein","0x864FD1F9b6a4D343237Ef1572f748299cAAcac6E","0xeffd54d9502717baa8d48578dacdfa5f88e59e41c4ce181438cfde6cd0b24b65","0x874f721dD3224491fe936B2a3779148Dcd95774E"
"2019-07-19T17:50:14.000Z",4761917,true,false,251.92,755.76,3,,"Nein","0x864FD1F9b6a4D343237Ef1572f748299cAAcac6E","0xeed6a08f2556760d6b9a4dccf4287a642d216b0d4e38ae97b2476351e5ca2f97","0x874f721dD3224491fe936B2a3779148Dcd95774E"
"2019-07-19T06:42:14.000Z",4759245,true,false,251.8,1259,5,,"Nein","0x864FD1F9b6a4D343237Ef1572f748299cAAcac6E","0xf8e1d7f983e1fa421b9d9e350aac747c71043c44a4c8700ac9cc2fd4aa78b250","0x874f721dD3224491fe936B2a3779148Dcd95774E"
"2019-07-18T11:04:44.000Z",4754535,false,true,251.74,251.74,1,,"Nein","0x864FD1F9b6a4D343237Ef1572f748299cAAcac6E","0x75bb6886409ea6f9620b6d17712ff4f2eb3f36c424b14f5fe24d7f99fbd5847b","0x874f721dD3224491fe936B2a3779148Dcd95774E"
"2019-07-18T11:01:59.000Z",4754524,false,true,251.77,251.77,1,,"Nein","0x864FD1F9b6a4D343237Ef1572f748299cAAcac6E","0x93042cfb0f672af51bac85c5f05a236b371a80c518235603830546407256b75d","0x874f721dD3224491fe936B2a3779148Dcd95774E"
"2019-07-18T11:00:14.000Z",4754517,false,true,251.8,251.8,1,,"Nein","0x864FD1F9b6a4D343237Ef1572f748299cAAcac6E","0xaab30d2ff8e6ec86667de9dd41d8f1270ee74d80e4d3156c25d4a3b94a0a1b7d","0x874f721dD3224491fe936B2a3779148Dcd95774E"
"2019-07-18T10:35:14.000Z",4754417,true,false,251.8,251.8,1,,"Nein","0x864FD1F9b6a4D343237Ef1572f748299cAAcac6E","0x0067794ad4f2207fceafae437ce9e2e5fefb3901b30058ce8a1e7f63dbda691a","0x874f721dD3224491fe936B2a3779148Dcd95774E"
"2019-07-18T10:28:59.000Z",4754392,true,false,251.77,251.77,1,,"Nein","0x864FD1F9b6a4D343237Ef1572f748299cAAcac6E","0xd2258dd9351f11a6b8120c6f3f3ee9c91b53dad77ee2aa380e8cfe328059db61","0x874f721dD3224491fe936B2a3779148Dcd95774E"
"2019-07-18T10:03:44.000Z",4754291,true,false,251.74,251.74,1,,"Nein","0x864FD1F9b6a4D343237Ef1572f748299cAAcac6E","0xc7c795fd7fa3097e877240354a7de3af144243a3eeb893c104dd44a602d5ea46","0x874f721dD3224491fe936B2a3779148Dcd95774E"
"2019-07-18T10:00:44.000Z",4754279,true,false,251.71,251.71,1,,"Nein","0x864FD1F9b6a4D343237Ef1572f748299cAAcac6E","0xa05e5a7855c4be3f1809a6598ad70927ad2de11a3d61f67399234da49a1556ca","0x874f721dD3224491fe936B2a3779148Dcd95774E"
"2019-07-18T09:57:44.000Z",4754267,true,false,251.68,251.68,1,,"Nein","0x864FD1F9b6a4D343237Ef1572f748299cAAcac6E","0x1826a32491c7be37dc9e13ed2d173d4a787dd9f87fd2fce78402d0099b270305","0x874f721dD3224491fe936B2a3779148Dcd95774E"
"2019-07-18T09:56:59.000Z",4754264,false,true,251.96,5039.33,20,,"Nein","0x864FD1F9b6a4D343237Ef1572f748299cAAcac6E","0x5ecef3898b593e3581320041b3e4d37eea602d70dc5b775bafeaa6ec6816c5ba","0x874f721dD3224491fe936B2a3779148Dcd95774E"
"2019-07-18T09:52:44.000Z",4754247,true,false,252.25,252.25,1,,"Nein","0x864FD1F9b6a4D343237Ef1572f748299cAAcac6E","0xd5c00030d5b09112032d064c0a982b5f2feaf0e366a1949c1df60fc129e9f0f9","0x874f721dD3224491fe936B2a3779148Dcd95774E"
"2019-07-18T09:50:44.000Z",4754239,true,false,252.22,252.22,1,,"Nein","0x864FD1F9b6a4D343237Ef1572f748299cAAcac6E","0x8a87869b14752c3dac0de9ba8585fee309ede8a658baa40460a7c0c7794a3087","0x874f721dD3224491fe936B2a3779148Dcd95774E"
"2019-07-18T09:38:29.000Z",4754190,true,false,252.19,252.19,1,,"Nein","0x864FD1F9b6a4D343237Ef1572f748299cAAcac6E","0x57cf066a0b50b8a95989c5333bbe17318fc83cb8e0b82de2ca3c725d7ae46844","0x874f721dD3224491fe936B2a3779148Dcd95774E"
"2019-07-18T09:37:24.000Z",4754186,true,false,252.16,252.16,1,,"Nein","0x864FD1F9b6a4D343237Ef1572f748299cAAcac6E","0x38c190a9e0935bc9f9ca56245b695df57893e462283112878f8b5b1900e19fbc","0x874f721dD3224491fe936B2a3779148Dcd95774E"
"2019-07-18T09:36:24.000Z",4754182,true,false,252.13,252.13,1,,"Nein","0x864FD1F9b6a4D343237Ef1572f748299cAAcac6E","0xdd9971ddfa3a7508f492c14f36185072de1d802f99c7960496399d1594ff6bf1","0x874f721dD3224491fe936B2a3779148Dcd95774E"
"2019-07-18T09:35:24.000Z",4754178,true,false,252.08,504.17,2,,"Nein","0x864FD1F9b6a4D343237Ef1572f748299cAAcac6E","0x255a732d0a2834de8753f8740242fa441ff1f255333758bbcc8667c75ef35583","0x874f721dD3224491fe936B2a3779148Dcd95774E"
"2019-07-18T09:33:54.000Z",4754172,true,false,252.02,504.05,2,,"Nein","0x864FD1F9b6a4D343237Ef1572f748299cAAcac6E","0xb9ad5c1acea2b870f64d02f1c257fca13609752bac3c7e921f93b05b3095d968","0x874f721dD3224491fe936B2a3779148Dcd95774E"
"2019-07-18T09:11:54.000Z",4754084,true,false,251.96,503.93,2,,"Nein","0x864FD1F9b6a4D343237Ef1572f748299cAAcac6E","0x746f6a2d82e6e26b0eab76642cbc1dd32f0d67ca35b1bbe0422a5da075480d2f","0x874f721dD3224491fe936B2a3779148Dcd95774E"
"2019-07-18T09:11:09.000Z",4754081,true,false,251.63,5032.73,20,,"Nein","0x864FD1F9b6a4D343237Ef1572f748299cAAcac6E","0x3ad3b218cd2fef6958554523931a6e5abcb44ef1f8646b883806324b7467044b","0x874f721dD3224491fe936B2a3779148Dcd95774E"
"2019-07-18T08:47:08.000Z",4753985,true,false,251.3,502.61,2,,"Nein","0x864FD1F9b6a4D343237Ef1572f748299cAAcac6E","0xff2650f4f2574734c9c4f1ec3395480b99d6bdadf38b3fd84d14a920051e64d4","0x874f721dD3224491fe936B2a3779148Dcd95774E"
"2019-07-18T08:45:38.000Z",4753979,true,false,251.24,502.49,2,,"Nein","0x864FD1F9b6a4D343237Ef1572f748299cAAcac6E","0x129064ece397f6e739902c2243474635d65f55f54237950c98917322bc2b2eb1","0x874f721dD3224491fe936B2a3779148Dcd95774E"
"2019-07-18T08:41:08.000Z",4753961,true,false,251.18,502.37,2,,"Nein","0x864FD1F9b6a4D343237Ef1572f748299cAAcac6E","0x31be29d8732be6bfaae7c7cc6409467752b59820c80d5241cfab867fd9cf8cd9","0x874f721dD3224491fe936B2a3779148Dcd95774E"
"2019-07-08T11:42:35.000Z",4697089,true,false,251.14,251.14,1,,"Nein","0x35B01576DDc3527C2732055f3CA2de933eC73B97","0xd5107ec5702d78ef34791eed88c387f91c981ab02cf23266d746443f8c947247","0x874f721dD3224491fe936B2a3779148Dcd95774E"
"2019-07-08T09:23:20.000Z",4696532,false,true,251.15,502.31,2,,"A super good reason. Even better than the one I gave before.","0x864FD1F9b6a4D343237Ef1572f748299cAAcac6E","0x59c38489f8ba9b0c60511adde5496c0015c7159bdb9230296df8e22c4bfb7e53","0x874f721dD3224491fe936B2a3779148Dcd95774E"
"2019-07-08T09:17:05.000Z",4696507,true,false,251.15,502.31,2,,"Super good reason!!!","0x864FD1F9b6a4D343237Ef1572f748299cAAcac6E","0x803e800f42105aaf3bfa01c3c48fa22b34a2fa0242ac11b0bd97afdcc884ec67","0x874f721dD3224491fe936B2a3779148Dcd95774E"
"2019-07-05T21:05:49.000Z",4682062,false,true,251.14,251.14,1,,"Genauso wichtig in sind mittlerweile auch Âçcèñtë, die in neueren Schriften aber fast immer enthalten sind. Ein wichtiges aber schwierig zu integrierendes Feld sind OpenType-Funktionalitäten. Je nach Software und Voreinstellungen können eingebaute Kapitälchen, Kerning oder Ligaturen (sehr pfiffig) nicht richtig dargestellt werden. Dies ist ein Typoblindtext. An ihm kann man sehen, ob alle Buchstaben da sind und wie sie aussehen. Manchmal benutzt man Worte wie Hamburgefonts, Rafgenduks …","0x864FD1F9b6a4D343237Ef1572f748299cAAcac6E","0x2db3e0168031837cb70bf318ec1c1c8f03841fcc6e4bd3066328f5780f104a33","0x874f721dD3224491fe936B2a3779148Dcd95774E"
"2019-07-05T21:00:49.000Z",4682042,false,true,251.18,502.37,2,,"Nein","0x864FD1F9b6a4D343237Ef1572f748299cAAcac6E","0x1357f0d1b88561dbd6ba17ed459cfc968ce3e9c95b7ddc7c89b81ecba3fbcee4","0x874f721dD3224491fe936B2a3779148Dcd95774E"
"2019-07-05T20:55:34.000Z",4682021,false,true,251.24,502.49,2,,"Nein","0x864FD1F9b6a4D343237Ef1572f748299cAAcac6E","0xcaf9f2cb96d4aaaa87ffca388475132e775df668b19f60a297b56f29e9267fed","0x874f721dD3224491fe936B2a3779148Dcd95774E"
"2019-07-05T20:50:49.000Z",4682002,false,true,251.3,502.61,2,,"Nein","0x864FD1F9b6a4D343237Ef1572f748299cAAcac6E","0x71b5430c882d6e5dda8588976751ce20f72f0c02cbe2eb5cbe832c8b308b2d88","0x874f721dD3224491fe936B2a3779148Dcd95774E"
"2019-07-05T20:34:49.000Z",4681938,true,false,251.3,502.61,2,,"Lorem ipsum dolor sit amet, consetetur sadipscing elitr, sed diam nonumy eirmod tempor invidunt ut labore et dolore magna aliquyam erat, sed diam voluptua. At vero eos et accusam et justo duo dolores et ea rebum. Stet clita kasd gubergren, no sea takimata sanctus est Lorem ipsum dolor sit amet. Lorem ipsum dolor sit amet, consetetur sadipscing elitr, sed diam nonumy eirmod tempor invidunt ut labore et dolore magna aliquyam erat, sed diam voluptua. At vero eos et accusam et justo duo dolores et ea rebum. Stet clita kasd gubergren, no sea takimata sanctus est Lorem ipsum dolor sit amet. Lorem ipsum dolor sit amet, consetetur sadipscing elitr, sed diam nonumy eirmod tempor invidunt ut labore et dolore magna aliquyam erat, sed diam voluptua. At vero eos et accusam et justo duo dolores et ea rebum. Stet clita kasd gubergren, no sea takimata sanctus est Lorem ipsum dolor sit amet.   
","0x864FD1F9b6a4D343237Ef1572f748299cAAcac6E","0x1f7d588bfea15a9cd7f22e795c95076a57074564f6c95d096f301e7626023318","0x874f721dD3224491fe936B2a3779148Dcd95774E"
"2019-07-05T20:05:19.000Z",4681820,true,false,251.23,753.69,3,,"Those who find ugly meanings in beautiful things are corrupt without being charming. This is a fault. Those who find beautiful meanings in beautiful things are the cultivated. For these there is hope. They are the elect to whom beautiful things mean only Beauty. There is no such thing as a moral or an immoral book. Books are well written, or badly written. That is all.","0x864FD1F9b6a4D343237Ef1572f748299cAAcac6E","0x85b1258f0eff9e31c0eb59bf531523f9d6952d488c2e379f78333bc7d066fdc5","0x874f721dD3224491fe936B2a3779148Dcd95774E"
"2019-07-05T18:10:04.000Z",4681359,true,false,251.15,502.31,2,,"The origin of the Entscheidungsproblem goes back to Gottfried Leibniz, who in the seventeenth century, after
having constructed a successful mechanical calculating machine, dreamt of building a machine that could
manipulate symbols in order to determine the truth values of mathematical statements.[3] He realized that the
first step would have to be a clean formal language, and much of his subsequent work was directed towards
that goal. In 1928, David Hilbert and Wilhelm Ackermann posed the question in the form outlined above.","0x864FD1F9b6a4D343237Ef1572f748299cAAcac6E","0xcddd24c07e9dbe90c428a735c3c1c2fe561914de1b70ada5131bcb5124f682d4","0x874f721dD3224491fe936B2a3779148Dcd95774E"
"2019-07-05T15:24:19.000Z",4680696,true,false,251.09,502.19,2,,"Nein","0x864FD1F9b6a4D343237Ef1572f748299cAAcac6E","0x0666bf857f8198cd0ac03361efe91666dffec8c2e4cbd0cc06aad943caa58486","0x874f721dD3224491fe936B2a3779148Dcd95774E"
"2019-07-05T09:14:34.000Z",4679217,true,false,251.05,251.05,1,,"Nein","0x864FD1F9b6a4D343237Ef1572f748299cAAcac6E","0x2f207dfa05074e037a21a018e2cc4823f3ecc0e5edab03972340e860ae610ae9","0x874f721dD3224491fe936B2a3779148Dcd95774E"
"2019-07-05T09:08:34.000Z",4679193,true,false,251.02,251.02,1,,"Nein","0x864FD1F9b6a4D343237Ef1572f748299cAAcac6E","0x42609ee8bc69c9fc6eceeb5ba429f149580cc07a264cc8be7dcca558cc23ff71","0x874f721dD3224491fe936B2a3779148Dcd95774E"
"2019-07-05T07:50:49.000Z",4678882,true,false,250.99,250.99,1,,"Nein","0x864FD1F9b6a4D343237Ef1572f748299cAAcac6E","0x895184347385f2a74b7832fc15660ca9fa658b4664baa11f6a6fbe6fb8028f85","0x874f721dD3224491fe936B2a3779148Dcd95774E"
"2019-06-28T10:33:03.000Z",4639212,false,true,250.99,250.99,1,,"Nein","0x9F3f11d72d96910df008Cfe3aBA40F361D2EED03","0x661f36d193d165deb107499ce49d7a3550718c229a624c242616461213e81573","0x874f721dD3224491fe936B2a3779148Dcd95774E"
"2019-06-28T10:31:18.000Z",4639205,true,false,250.99,250.99,1,,"Nein","0x9F3f11d72d96910df008Cfe3aBA40F361D2EED03","0x86774a983b7e8cef9881677f5a12110c1cb452db8cf6b85bdce35fbb3906c482","0x874f721dD3224491fe936B2a3779148Dcd95774E"
"2019-06-26T11:09:46.000Z",4627839,true,false,250.96,250.96,1,,"Nein","0x9F3f11d72d96910df008Cfe3aBA40F361D2EED03","0xf0b15dd5a798bc17b6c09ab6be82177240d58947c30a3ac5cc2ae8f3635b96f7","0x874f721dD3224491fe936B2a3779148Dcd95774E"
"2019-06-26T07:58:31.000Z",4627074,true,false,250.93,250.93,1,,"Nein","0x90683250D9b65854141ac7861a662d05C3D49293","0x61ef8a27e11217b46dc799be7b1877129601a793162df3e353045cb403f8391d","0x874f721dD3224491fe936B2a3779148Dcd95774E"
"2019-06-24T19:00:27.000Z",4618202,true,false,250.76,2507.65,10,,"Nein","0x90683250D9b65854141ac7861a662d05C3D49293","0x26b3c726a8a782c82676a63eeb666b196e7646542cb41731f472bb4fd54681b2","0x874f721dD3224491fe936B2a3779148Dcd95774E"
"2019-06-24T14:55:12.000Z",4617221,false,true,250.63,250.63,1,,"Nein","0x9F3f11d72d96910df008Cfe3aBA40F361D2EED03","0xf45646b3b98052565274c7ec78646399722c5e4ad63bde235a52404ed5c2f9c4","0x874f721dD3224491fe936B2a3779148Dcd95774E"
"2019-06-24T14:52:42.000Z",4617211,true,false,250.63,250.63,1,,"Nein","0x9F3f11d72d96910df008Cfe3aBA40F361D2EED03","0x4035b6b21f8ce1f9f51e25dee37ed12df53344315691550aace33f2d18b74695","0x874f721dD3224491fe936B2a3779148Dcd95774E"
"2019-06-24T12:23:42.000Z",4616615,true,false,250.6,250.6,1,,"Nein","0x90683250D9b65854141ac7861a662d05C3D49293","0xc30b414d793820b91ab0e0f8b63a96b78342c06415c2e40c70084d9ec37ea7ed","0x874f721dD3224491fe936B2a3779148Dcd95774E"
"2019-06-24T10:13:57.000Z",4616096,true,false,250.57,250.57,1,,"Nein","0x90683250D9b65854141ac7861a662d05C3D49293","0x61339051bc561ab3316bd31939b27742a10b2b463b9e7f49d6029c6882631132","0x874f721dD3224491fe936B2a3779148Dcd95774E"
"2019-06-23T10:28:34.000Z",4610395,false,true,250.58,501.17,2,,"Nein","0x05626ef4f7c1113E295763e6AdFD49C818f087d7","0x3a40620fe4d167d3a86e307f6708c8300d7ba7b1b0c9cc2b595cb2426a0048fe","0x874f721dD3224491fe936B2a3779148Dcd95774E"
"2019-06-20T23:17:54.000Z",4596193,true,false,250.49,2003.96,8,,"Nein","0x31E756838eb0c94E42aFd6D41c143ef4EF221eD0","0x63a8cf345def5b3bed530d0962b707c3bb74622511b542d999b0f403082f89ea","0x874f721dD3224491fe936B2a3779148Dcd95774E"
"2019-06-19T22:39:54.000Z",4590281,true,false,250.36,250.36,1,,"Nein","0x894623CC0280c2d8f18998fA70c90f3004c7665E","0x68cb6e8562d5206c6b2e4d96e4b911a6fb73de0434f2e089cfd66f56878ae4e1","0x874f721dD3224491fe936B2a3779148Dcd95774E"
"2019-06-19T22:16:54.000Z",4590189,true,false,250.31,500.63,2,,"Nein","0x05626ef4f7c1113E295763e6AdFD49C818f087d7","0x751a22f4ae2215c5eee4415148592d8d129d8bc740e3256a05f67932cbfe8ab2","0x874f721dD3224491fe936B2a3779148Dcd95774E"
"2019-06-19T21:49:24.000Z",4590079,false,true,250.34,1001.38,4,,"Nein","0x894623CC0280c2d8f18998fA70c90f3004c7665E","0xf9d97a9996759919b3af542beb53ed27c369685e48bb94681284557a272a5015","0x874f721dD3224491fe936B2a3779148Dcd95774E"
"2019-06-19T21:48:09.000Z",4590074,true,false,250.36,751.08,3,,"Nein","0x894623CC0280c2d8f18998fA70c90f3004c7665E","0x511432b4b73b93c7eefbcad0ca14d1382b3ffdc67dd0de6ea0e8ef60f52212fd","0x874f721dD3224491fe936B2a3779148Dcd95774E"
"2019-06-19T18:46:39.000Z",4589348,false,true,250,750,3,,"Nein","0x894623CC0280c2d8f18998fA70c90f3004c7665E","0x81e524f3ee1249425ebfb9e5965675474376cb67a38ea350d177856ab51eb3fb","0x874f721dD3224491fe936B2a3779148Dcd95774E"
"2019-06-19T18:44:24.000Z",4589339,true,false,250,1250,5,,"Nein","0x894623CC0280c2d8f18998fA70c90f3004c7665E","0x4761f55594752121b60a41a759243dfea64074c431f1f6a740a45acb288a0003","0x874f721dD3224491fe936B2a3779148Dcd95774E"
"2019-06-19T18:43:24.000Z",4589335,true,false,250,1000,4,,"Nein","0x894623CC0280c2d8f18998fA70c90f3004c7665E","0x15d94fa93f6d01cf529423440531df91a8c2306312ae5c31bf288e04fc833c06","0x874f721dD3224491fe936B2a3779148Dcd95774E"
"2019-06-19T18:41:39.000Z",4589328,true,false,250,750,3,,"Nein","0x894623CC0280c2d8f18998fA70c90f3004c7665E","0xdd95ba5564c25527b5cfcf8c0613aadff5941f5ac13c9677e0287914665decf2","0x874f721dD3224491fe936B2a3779148Dcd95774E"
"2019-06-19T16:27:54.000Z",4588793,true,false,250,500,2,,"Nein","0x894623CC0280c2d8f18998fA70c90f3004c7665E","0xae28c8884fdb0b7bc4c48ffb431c8029f0df58288f76cd81728a288a03bdeb2d","0x874f721dD3224491fe936B2a3779148Dcd95774E"